{"is_source_file": true, "file_id": 7, "git_revision": "", "state": 1, "description": "", "external_files": [], "external_methods": [], "published": [], "classes": [], "methods": [], "calls": [], "search-terms": [], "ctags": [{"_type": "tag", "name": "root", "path": "/home/kavia/workspace/code-generation/cloud-resource-management-platform-311596-311607/react_web_frontend/src/index.js", "pattern": "/^const root = ReactDOM.createRoot(document.getElementById('root'));$/", "language": "JavaScript", "kind": "constant"}], "format": "JavaScript", "hash": "9fc5841375336fc175b49f8767a11383", "format-version": 4, "code-base-name": "react_web_frontend", "filename": "react_web_frontend/src/index.js", "knowledge_revision": 12}