{"is_source_file": true, "file_id": 4, "git_revision": "", "state": 1, "description": "", "external_files": [], "external_methods": [], "published": [], "classes": [], "methods": [], "calls": [], "search-terms": [], "ctags": [{"_type": "tag", "name": "App", "path": "/home/kavia/workspace/code-generation/cloud-resource-management-platform-311596-311607/react_web_frontend/src/App.js", "pattern": "/^function App() {$/", "language": "JavaScript", "kind": "function", "signature": "()"}, {"_type": "tag", "name": "Switch to ${theme === 'light' ? 'dark' : 'light'} mode", "path": "/home/kavia/workspace/code-generation/cloud-resource-management-platform-311596-311607/react_web_frontend/src/App.js", "pattern": "/^          aria-label={`Switch to ${theme === 'light' ? 'dark' : 'light'} mode`}$/", "language": "JavaScript", "kind": "field", "scope": "App.aria", "scopeKind": "class"}, {"_type": "tag", "name": "toggleTheme", "path": "/home/kavia/workspace/code-generation/cloud-resource-management-platform-311596-311607/react_web_frontend/src/App.js", "pattern": "/^          onClick={toggleTheme}$/", "language": "JavaScript", "kind": "field", "scope": "App.onClick", "scopeKind": "class"}], "format": "JavaScript", "hash": "b55dd9e6a018e59207d8e277dffd9e11", "format-version": 4, "code-base-name": "react_web_frontend", "filename": "react_web_frontend/src/App.js", "knowledge_revision": 10}